{
  "data": {
    "cache_ratio": {
      "alibaba/qwen3-max-preview": 0.2,
      "alibaba/qwen3-max-thinking": 0.2,
      "alibaba/qwen3.5-flash": 0.01,
      "alibaba/qwen3.5-plus": 0.09999999999999999,
      "amazon/nova-lite": 0.25,
      "amazon/nova-micro": 0.25,
      "amazon/nova-pro": 0.25,
      "anthropic/claude-3-haiku": 0.12,
      "anthropic/claude-3-opus": 0.1,
      "anthropic/claude-3.5-haiku": 0.09999999999999999,
      "anthropic/claude-3.5-sonnet": 0.09999999999999999,
      "anthropic/claude-3.7-sonnet": 0.09999999999999999,
      "anthropic/claude-haiku-4.5": 0.1,
      "anthropic/claude-opus-4": 0.1,
      "anthropic/claude-opus-4.1": 0.1,
      "anthropic/claude-opus-4.5": 0.1,
      "anthropic/claude-opus-4.6": 0.1,
      "anthropic/claude-sonnet-4": 0.09999999999999999,
      "anthropic/claude-sonnet-4.5": 0.09999999999999999,
      "anthropic/claude-sonnet-4.6": 0.09999999999999999,
      "bytedance/seed-1.6": 0.2,
      "bytedance/seed-1.8": 0.2,
      "deepseek/deepseek-v3.2": 0.8148148148148148,
      "deepseek/deepseek-v3.2-thinking": 0.10714285714285712,
      "google/gemini-2.0-flash": 0.25,
      "google/gemini-2.5-flash": 0.075,
      "google/gemini-2.5-flash-lite": 0.09999999999999999,
      "google/gemini-2.5-flash-lite-preview-09-2025": 0.09999999999999999,
      "google/gemini-2.5-flash-preview-09-2025": 0.1,
      "google/gemini-2.5-pro": 0.248,
      "google/gemini-3-flash": 0.1,
      "google/gemini-3-pro-preview": 0.1,
      "google/gemini-3.1-flash-lite-preview": 0.1,
      "google/gemini-3.1-pro-preview": 0.1,
      "inception/mercury-2": 0.09999999999999999,
      "minimax/minimax-m2": 0.1111111111111111,
      "minimax/minimax-m2.1": 0.1,
      "minimax/minimax-m2.1-lightning": 0.1,
      "minimax/minimax-m2.5": 0.1,
      "minimax/minimax-m2.5-highspeed": 0.05,
      "minimax/minimax-m2.7": 0.2,
      "minimax/minimax-m2.7-highspeed": 0.1,
      "moonshotai/kimi-k2-thinking": 0.29787234042553196,
      "moonshotai/kimi-k2-thinking-turbo": 0.13043478260869565,
      "openai/codex-mini": 0.25333333333333335,
      "openai/gpt-4.1": 0.25,
      "openai/gpt-4.1-mini": 0.25,
      "openai/gpt-4.1-nano": 0.3,
      "openai/gpt-4o": 0.5,
      "openai/gpt-4o-mini": 0.5333333333333333,
      "openai/gpt-5": 0.1,
      "openai/gpt-5-chat": 0.10400000000000001,
      "openai/gpt-5-codex": 0.1,
      "openai/gpt-5-mini": 0.1,
      "openai/gpt-5-nano": 0.09999999999999999,
      "openai/gpt-5.1-codex": 0.10400000000000001,
      "openai/gpt-5.1-codex-max": 0.10400000000000001,
      "openai/gpt-5.1-codex-mini": 0.12,
      "openai/gpt-5.1-instant": 0.10400000000000001,
      "openai/gpt-5.1-thinking": 0.10400000000000001,
      "openai/gpt-5.2": 0.10285714285714286,
      "openai/gpt-5.2-chat": 0.10285714285714286,
      "openai/gpt-5.2-codex": 0.09999999999999999,
      "openai/gpt-5.3-chat": 0.09999999999999999,
      "openai/gpt-5.3-codex": 0.09999999999999999,
      "openai/gpt-5.4": 0.1,
      "openai/gpt-5.4-mini": 0.09999999999999999,
      "openai/gpt-5.4-nano": 0.1,
      "openai/gpt-oss-safeguard-20b": 0.5,
      "openai/o1": 0.5,
      "openai/o3": 0.25,
      "openai/o3-deep-research": 0.25,
      "openai/o3-mini": 0.5,
      "openai/o4-mini": 0.2545454545454546,
      "xai/grok-2-vision": 1,
      "xai/grok-3": 0.25,
      "xai/grok-3-fast": 0.25,
      "xai/grok-3-mini": 0.25,
      "xai/grok-3-mini-fast": 0.25,
      "xai/grok-4": 0.25,
      "xai/grok-4-fast-non-reasoning": 0.25,
      "xai/grok-4-fast-reasoning": 0.25,
      "xai/grok-4.1-fast-non-reasoning": 0.25,
      "xai/grok-4.1-fast-reasoning": 0.25,
      "xai/grok-4.20-multi-agent-beta": 0.09999999999999999,
      "xai/grok-4.20-non-reasoning-beta": 0.09999999999999999,
      "xai/grok-4.20-reasoning-beta": 0.09999999999999999,
      "xai/grok-code-fast-1": 0.09999999999999999,
      "xiaomi/mimo-v2-pro": 0.19999999999999998,
      "zai/glm-4.6v": 0.16666666666666669,
      "zai/glm-4.7": 0.18604651162790697,
      "zai/glm-4.7-flashx": 0.16666666666666669,
      "zai/glm-5": 0.2,
      "zai/glm-5-turbo": 0.2
    },
    "completion_ratio": {
      "alibaba/qwen-3-14b": 4,
      "alibaba/qwen-3-235b": 4.615384615384615,
      "alibaba/qwen-3-30b": 3.6249999999999996,
      "alibaba/qwen-3-32b": 2.9999999999999996,
      "alibaba/qwen3-235b-a22b-thinking": 9.666666666666666,
      "alibaba/qwen3-coder": 4.026315789473684,
      "alibaba/qwen3-coder-30b-a3b": 3.857142857142857,
      "alibaba/qwen3-coder-next": 2.4,
      "alibaba/qwen3-coder-plus": 5,
      "alibaba/qwen3-max": 5,
      "alibaba/qwen3-max-preview": 5,
      "alibaba/qwen3-max-thinking": 5,
      "alibaba/qwen3-next-80b-a3b-instruct": 12.222222222222223,
      "alibaba/qwen3-next-80b-a3b-thinking": 10,
      "alibaba/qwen3-vl-instruct": 4,
      "alibaba/qwen3-vl-thinking": 12.000000000000002,
      "alibaba/qwen3.5-flash": 4,
      "alibaba/qwen3.5-plus": 5.999999999999999,
      "amazon/nova-2-lite": 8.333333333333334,
      "amazon/nova-lite": 4,
      "amazon/nova-micro": 4,
      "amazon/nova-pro": 4,
      "anthropic/claude-3-haiku": 5,
      "anthropic/claude-3-opus": 5,
      "anthropic/claude-3.5-haiku": 5,
      "anthropic/claude-3.5-sonnet": 5,
      "anthropic/claude-3.5-sonnet-20240620": 5,
      "anthropic/claude-3.7-sonnet": 5,
      "anthropic/claude-haiku-4.5": 5,
      "anthropic/claude-opus-4": 5,
      "anthropic/claude-opus-4.1": 5,
      "anthropic/claude-opus-4.5": 5,
      "anthropic/claude-opus-4.6": 5,
      "anthropic/claude-sonnet-4": 5,
      "anthropic/claude-sonnet-4.5": 5,
      "anthropic/claude-sonnet-4.6": 5,
      "arcee-ai/trinity-large-preview": 4,
      "arcee-ai/trinity-mini": 2.9999999999999996,
      "bytedance/seed-1.6": 8,
      "bytedance/seed-1.8": 8,
      "cohere/command-a": 4,
      "deepseek/deepseek-r1": 4,
      "deepseek/deepseek-v3": 1,
      "deepseek/deepseek-v3.1": 3.3333333333333335,
      "deepseek/deepseek-v3.1-terminus": 3.7037037037037033,
      "deepseek/deepseek-v3.2": 1.4814814814814814,
      "deepseek/deepseek-v3.2-exp": 1.4814814814814814,
      "deepseek/deepseek-v3.2-thinking": 1.4999999999999998,
      "google/gemini-2.0-flash": 4,
      "google/gemini-2.0-flash-lite": 4,
      "google/gemini-2.5-flash": 2.5,
      "google/gemini-2.5-flash-image": 8.333333333333334,
      "google/gemini-2.5-flash-image-preview": 8.333333333333334,
      "google/gemini-2.5-flash-lite": 4,
      "google/gemini-2.5-flash-lite-preview-09-2025": 4,
      "google/gemini-2.5-flash-preview-09-2025": 8.333333333333334,
      "google/gemini-2.5-pro": 8,
      "google/gemini-3-flash": 6,
      "google/gemini-3-pro-image": 60,
      "google/gemini-3-pro-preview": 6,
      "google/gemini-3.1-flash-image-preview": 6,
      "google/gemini-3.1-flash-lite-preview": 6,
      "google/gemini-3.1-pro-preview": 6,
      "inception/mercury-2": 3,
      "inception/mercury-coder-small": 4,
      "meituan/longcat-flash-thinking": 10,
      "meta/llama-3.1-70b": 1,
      "meta/llama-3.1-8b": 1.6666666666666667,
      "meta/llama-3.2-11b": 1,
      "meta/llama-3.2-1b": 1,
      "meta/llama-3.2-3b": 1,
      "meta/llama-3.2-90b": 1,
      "minimax/minimax-m2": 4.259259259259259,
      "minimax/minimax-m2.1": 4,
      "minimax/minimax-m2.1-lightning": 8,
      "minimax/minimax-m2.5": 4,
      "minimax/minimax-m2.5-highspeed": 4,
      "minimax/minimax-m2.7": 4,
      "minimax/minimax-m2.7-highspeed": 4,
      "mistral/codestral": 3,
      "mistral/devstral-small": 2.9999999999999996,
      "mistral/magistral-medium": 2.5,
      "mistral/magistral-small": 3,
      "mistral/ministral-14b": 1,
      "mistral/ministral-3b": 1,
      "mistral/ministral-8b": 1,
      "mistral/mistral-large-3": 3,
      "mistral/mistral-medium": 5,
      "mistral/mistral-nemo": 4.25,
      "mistral/mistral-small": 2.9999999999999996,
      "mistral/mixtral-8x22b-instruct": 3,
      "mistral/pixtral-12b": 1,
      "mistral/pixtral-large": 3,
      "moonshotai/kimi-k2": 3,