{
  "data": {
    "cache_ratio": {},
    "completion_ratio": {
      "claude-4-5-sonnet": 5.000306842589751,
      "claude-sonnet-4": 5.00030238887209,
      "deepseek-v3-0324": 3.0018148820326673,
      "gemini-2.5-pro": 6.665054413542926,
      "glm-4.5": 3.671641791044776,
      "glm-4.5-air": 6.090909090909091,
      "glm-4.7": 4.955555555555556,
      "glm-4.7-flash": 5.888888888888889,
      "gpt-4.1": 4.000424808836024,
      "intellect-3": 5.488584474885845,
      "kimi-k2-instruct": 4.802177858439201,
      "kimi-k2-thinking": 4.163109756097561,
      "kimi-k2.5": 5.018181818181818,
      "minimax-m2": 4.0256410256410255,
      "minimax-m2.1": 3.941176470588235,
      "minimax-m2.5": 3.6874999999999996,
      "nova-pro-v1": 3.997047244094488,
      "qwen3-32b": 3.3333333333333335,
      "qwen3-coder-480b-a35b-instruct": 4.498866213151928,
      "qwen3-next-80b-a3b-thinking": 7.99390243902439
    },
    "model_price": {},
    "model_ratio": {
      "claude-4-5-sonnet": 1.6295,
      "claude-sonnet-4": 1.6535,
      "deepseek-v3-0324": 0.2755,
      "gemini-2.5-pro": 0.827,
      "glm-4.5": 0.335,
      "glm-4.5-air": 0.11,
      "glm-4.7": 0.225,
      "glm-4.7-flash": 0.045,
      "gpt-4.1": 1.177,
      "intellect-3": 0.1095,
      "kimi-k2-instruct": 0.2755,
      "kimi-k2-thinking": 0.328,
      "kimi-k2.5": 0.275,
      "minimax-m2": 0.195,
      "minimax-m2.1": 0.17,
      "minimax-m2.5": 0.16,
      "nova-pro-v1": 0.508,
      "qwen3-32b": 0.0495,
      "qwen3-coder-480b-a35b-instruct": 0.2205,
      "qwen3-next-80b-a3b-thinking": 0.082
    }
  },
  "message": "",
  "success": true
}